position,gc_content
0,50.7
1000,53.2
2000,51.9
3000,56.10000000000001
4000,53.2
5000,47.0
6000,51.4
7000,54.0
8000,50.6
9000,52.6
10000,52.5
11000,44.7
12000,49.7
13000,52.5
14000,53.1
15000,55.00000000000001
16000,49.9
17000,43.9
18000,50.3
19000,47.8
20000,50.4
21000,51.5
22000,53.5
23000,56.699999999999996
24000,55.300000000000004
25000,54.50000000000001
26000,55.1
27000,54.1
28000,53.400000000000006
29000,41.699999999999996
30000,55.00000000000001
31000,54.800000000000004
32000,57.599999999999994
33000,57.49999999999999
34000,45.300000000000004
35000,56.8
36000,47.0
37000,52.2
38000,52.400000000000006
39000,53.7
40000,53.800000000000004
41000,49.3
42000,44.1
43000,56.599999999999994
44000,55.400000000000006
45000,54.900000000000006
46000,52.400000000000006
47000,53.0
48000,57.699999999999996
49000,50.5
50000,55.2
51000,52.900000000000006
52000,54.2
53000,54.6
54000,52.6
55000,50.6
56000,52.300000000000004
57000,51.5
58000,43.9
59000,47.8
60000,55.00000000000001
61000,54.400000000000006
62000,57.199999999999996
63000,52.0
64000,54.400000000000006
65000,55.2
66000,56.2
67000,56.10000000000001
68000,57.199999999999996
69000,58.099999999999994
70000,49.4
71000,52.800000000000004
72000,56.10000000000001
73000,58.699999999999996
74000,57.4
75000,51.9
76000,54.6
77000,50.6
78000,49.1
79000,55.400000000000006
80000,54.50000000000001
81000,55.00000000000001
82000,52.800000000000004
83000,49.0
84000,38.0
85000,47.3
86000,52.300000000000004
87000,49.6
88000,54.1
89000,47.0
90000,55.00000000000001
91000,52.6
92000,54.0
93000,56.00000000000001
94000,56.8
95000,54.900000000000006
96000,53.6
97000,53.900000000000006
98000,55.300000000000004
99000,53.1
100000,53.900000000000006
101000,56.00000000000001
102000,51.800000000000004
103000,53.6
104000,52.800000000000004
105000,52.7
106000,52.400000000000006
107000,48.8
108000,52.0
109000,52.800000000000004
110000,51.6
111000,49.8
112000,52.2
113000,46.5
114000,54.0
115000,53.300000000000004
116000,53.7
117000,51.5
118000,53.5
119000,51.9
120000,52.800000000000004
121000,44.5
122000,52.0
123000,53.1
124000,53.400000000000006
125000,52.1
126000,55.300000000000004
127000,51.9
128000,52.2
129000,54.800000000000004
130000,52.300000000000004
131000,51.6
132000,56.2
133000,56.49999999999999
134000,51.300000000000004
135000,48.199999999999996
136000,48.9
137000,55.7
138000,51.2
139000,56.00000000000001
140000,54.6
141000,49.7
142000,49.3
143000,49.3
144000,50.9
145000,48.9
146000,50.8
147000,48.9
148000,52.800000000000004
149000,50.2
150000,39.0
151000,42.8
152000,41.099999999999994
153000,43.4
154000,44.7
155000,44.2
156000,39.800000000000004
157000,46.1
158000,55.400000000000006
159000,53.2
160000,50.3
161000,52.900000000000006
162000,56.10000000000001
163000,57.699999999999996
164000,53.0
165000,54.900000000000006
166000,56.599999999999994
167000,50.7
168000,50.7
169000,50.8
170000,57.4
171000,56.3
172000,61.5
173000,56.39999999999999
174000,53.7
175000,50.8
176000,52.2
177000,51.7
178000,55.1
179000,50.6
180000,44.3
181000,54.900000000000006
182000,52.0
183000,50.8
184000,48.6
185000,52.2
186000,53.900000000000006
187000,55.50000000000001
188000,51.4
189000,48.4
190000,50.8
191000,48.8
192000,51.7
193000,51.800000000000004
194000,51.0
195000,50.7
196000,50.5
197000,50.6
198000,50.6
199000,50.9
200000,49.6
201000,53.0
202000,50.2
203000,53.0
204000,56.599999999999994
205000,56.3
206000,56.00000000000001
207000,53.300000000000004
208000,51.4
209000,51.1
210000,52.6
211000,50.3
212000,56.599999999999994
213000,54.300000000000004
214000,51.7
215000,52.7
216000,49.2
217000,52.400000000000006
218000,54.1
219000,54.900000000000006
220000,47.599999999999994
221000,52.1
222000,50.2
223000,48.4
224000,55.2
225000,48.8
226000,53.6
227000,52.5
228000,54.800000000000004
229000,45.4
230000,47.599999999999994
231000,51.6
232000,49.1
233000,51.7
234000,42.5
235000,49.8
236000,49.8
237000,39.0
238000,34.0
239000,51.6
240000,48.199999999999996
241000,56.3
242000,58.8
243000,50.8
244000,53.1
245000,48.6
246000,42.3
247000,49.6
248000,55.00000000000001
249000,60.5
250000,51.7
251000,53.1
252000,43.1
253000,48.1
254000,51.2
255000,49.9
256000,53.1
257000,50.3
258000,53.6
259000,45.300000000000004
260000,49.3
261000,57.199999999999996
262000,50.0
263000,49.5
264000,56.2
265000,55.1
266000,52.800000000000004
267000,56.599999999999994
268000,55.2
269000,45.6
270000,46.800000000000004
271000,47.199999999999996
272000,55.900000000000006
273000,54.1
274000,54.1
275000,52.900000000000006
276000,55.900000000000006
277000,59.699999999999996
278000,55.300000000000004
279000,53.7
280000,49.0
281000,63.1
282000,58.9
283000,67.10000000000001
284000,66.5
285000,55.900000000000006
286000,61.7
287000,65.9
288000,64.5
289000,60.0
290000,48.3
291000,51.4
292000,44.0
293000,37.9
294000,35.4
295000,42.1
296000,45.1
297000,47.599999999999994
298000,59.0
299000,61.0
300000,59.0
301000,60.0
302000,48.4
303000,45.0
304000,50.4
305000,51.300000000000004
306000,52.900000000000006
307000,54.2
308000,56.49999999999999
309000,54.800000000000004
310000,49.1
311000,36.1
312000,43.3
313000,38.1
314000,43.4
315000,54.1
316000,47.099999999999994
317000,42.199999999999996
318000,40.699999999999996
319000,45.800000000000004
320000,46.5
321000,42.699999999999996
322000,50.2
323000,51.4
324000,45.6
325000,45.4
326000,57.49999999999999
327000,56.89999999999999
328000,59.3
329000,52.300000000000004
330000,55.50000000000001
331000,44.1
332000,42.1
333000,48.6
334000,48.5
335000,45.5
336000,46.400000000000006
337000,57.49999999999999
338000,55.800000000000004
339000,59.9
340000,56.49999999999999
341000,56.10000000000001
342000,50.3
343000,52.400000000000006
344000,37.9
345000,45.4
346000,45.7
347000,56.8
348000,48.3
349000,56.99999999999999
350000,55.900000000000006
351000,58.099999999999994
352000,54.0
353000,59.099999999999994
354000,55.300000000000004
355000,53.900000000000006
356000,53.7
357000,54.300000000000004
358000,53.7
359000,54.2
360000,59.5
361000,46.6
362000,47.699999999999996
363000,52.300000000000004
364000,57.4
365000,54.400000000000006
366000,55.900000000000006
367000,55.60000000000001
368000,53.2
369000,56.10000000000001
370000,59.099999999999994
371000,54.2
372000,54.300000000000004
373000,54.800000000000004
374000,57.4
375000,58.199999999999996
376000,53.900000000000006
377000,50.3
378000,52.400000000000006
379000,51.5
380000,50.7
381000,49.7
382000,50.8
383000,50.0
384000,38.7
385000,50.6
386000,55.60000000000001
387000,57.8
388000,53.800000000000004
389000,49.0
390000,37.8
391000,44.4
392000,54.800000000000004
393000,50.1
394000,42.8
395000,54.6
396000,49.0
397000,51.6
398000,53.2
399000,47.4
400000,50.8
401000,40.300000000000004
402000,54.1
403000,51.4
404000,52.300000000000004
405000,53.5
406000,50.3
407000,45.1
408000,46.9
409000,51.6
410000,53.5
411000,52.1
412000,52.1
413000,51.800000000000004
414000,55.400000000000006
415000,54.0
416000,53.2
417000,52.2
418000,54.2
419000,47.099999999999994
420000,54.6
421000,53.300000000000004
422000,53.0
423000,54.6
424000,53.400000000000006
425000,55.00000000000001
426000,51.6
427000,49.3
428000,54.2
429000,51.4
430000,48.3
431000,49.9
432000,45.1
433000,54.7
434000,53.7
435000,52.1
436000,54.7
437000,53.5
438000,53.7
439000,52.800000000000004
440000,53.900000000000006
441000,51.4
442000,53.7
443000,54.300000000000004
444000,50.6
445000,50.5
446000,51.9
447000,52.2
448000,51.800000000000004
449000,54.900000000000006
450000,52.900000000000006
451000,44.4
452000,51.1
453000,54.900000000000006
454000,46.2
455000,50.3
456000,49.3
457000,51.800000000000004
458000,50.2
459000,51.800000000000004
460000,53.800000000000004
461000,48.6
462000,52.2
463000,51.5
464000,49.6
465000,51.7
466000,51.4
467000,52.2
468000,49.5
469000,54.0
470000,55.400000000000006
471000,55.1
472000,52.400000000000006
473000,56.39999999999999
474000,54.300000000000004
475000,51.1
476000,53.900000000000006
477000,48.199999999999996
478000,47.599999999999994
479000,47.199999999999996
480000,40.1
481000,49.5
482000,52.300000000000004
483000,54.800000000000004
484000,53.7
485000,49.8
486000,45.7
487000,50.5
488000,55.00000000000001
489000,52.400000000000006
490000,53.5
491000,52.5
492000,56.599999999999994
493000,58.8
494000,55.50000000000001
495000,50.9
496000,53.400000000000006
497000,50.5
498000,53.2
499000,51.6
500000,51.7
501000,53.5
502000,55.7
503000,47.5
504000,51.800000000000004
505000,51.0
506000,51.7
507000,50.4
508000,50.5
509000,59.0
510000,58.5
511000,50.9
512000,54.900000000000006
513000,51.2
514000,57.699999999999996
515000,49.4
516000,46.300000000000004
517000,54.0
518000,54.2
519000,53.800000000000004
520000,58.3
521000,57.9
522000,51.7
523000,56.599999999999994
524000,64.1
525000,62.1
526000,61.9
527000,35.4
528000,39.2
529000,43.9
530000,54.1
531000,53.0
532000,46.800000000000004
533000,51.2
534000,54.800000000000004
535000,49.4
536000,45.4
537000,46.0
538000,47.4
539000,50.6
540000,51.7
541000,49.0
542000,57.9
543000,45.2
544000,50.8
545000,50.5
546000,46.800000000000004
547000,58.099999999999994
548000,55.60000000000001
549000,58.199999999999996
550000,56.99999999999999
551000,55.800000000000004
552000,58.3
553000,53.7
554000,47.3
555000,57.099999999999994
556000,54.0
557000,51.6
558000,38.9
559000,43.1
560000,46.800000000000004
561000,48.9
562000,45.0
563000,47.5
564000,42.6
565000,47.199999999999996
566000,51.300000000000004
567000,55.00000000000001
568000,39.0
569000,36.8
570000,33.0
571000,39.2
572000,46.1
573000,50.8
574000,44.4
575000,52.1
576000,42.6
577000,42.1
578000,46.400000000000006
579000,37.7
580000,44.4
581000,52.300000000000004
582000,42.3
583000,30.9
584000,33.0
585000,40.9
586000,47.5
587000,51.5
588000,56.2
589000,56.99999999999999
590000,51.7
591000,54.400000000000006
592000,52.2
593000,49.9
594000,51.300000000000004
595000,53.400000000000006
596000,48.9
597000,49.3
598000,55.900000000000006
599000,56.3
600000,55.50000000000001
601000,55.60000000000001
602000,53.0
603000,47.8
604000,49.7
605000,48.4
606000,51.6
607000,47.5
608000,52.1
609000,48.6
610000,51.6
611000,54.300000000000004
612000,51.9
613000,54.800000000000004
614000,56.699999999999996
615000,56.2
616000,57.49999999999999
617000,56.699999999999996
618000,41.699999999999996
619000,51.6
620000,57.099999999999994
621000,60.6
622000,55.400000000000006
623000,55.900000000000006
624000,52.7
625000,57.8
626000,55.60000000000001
627000,55.1
628000,57.099999999999994
629000,52.5
630000,58.3
631000,57.199999999999996
632000,54.400000000000006
633000,54.0
634000,53.1
635000,45.7
636000,41.8
637000,39.6
638000,45.300000000000004
639000,51.9
640000,54.50000000000001
641000,49.2
642000,50.0
643000,51.0
644000,49.3
645000,50.7
646000,50.6
647000,56.3
648000,56.3
649000,57.49999999999999
650000,56.699999999999996
651000,47.099999999999994
652000,44.0
653000,51.4
654000,51.800000000000004
655000,49.4
656000,37.8
657000,43.5
658000,52.400000000000006
659000,51.9
660000,46.2
661000,41.4
662000,48.1
663000,49.9
664000,56.10000000000001
665000,53.900000000000006
666000,52.1
667000,51.9
668000,55.300000000000004
669000,49.8
670000,50.9
671000,52.5
672000,53.5
673000,54.6
674000,50.5
675000,50.6
676000,42.5
677000,46.7
678000,46.400000000000006
679000,43.3
680000,48.4
681000,50.8
682000,51.5
683000,45.800000000000004
684000,53.300000000000004
685000,50.4
686000,50.9
687000,48.1
688000,55.1
689000,51.1
690000,54.7
691000,50.9
692000,53.6
693000,53.0
694000,55.300000000000004
695000,57.099999999999994
696000,52.0
697000,49.1
698000,51.5
699000,49.1
700000,52.0
701000,51.4
702000,51.800000000000004
703000,45.6
704000,57.099999999999994
705000,51.9
706000,51.5
707000,51.1
708000,45.0
709000,51.800000000000004
710000,44.800000000000004
711000,51.6
712000,49.7
713000,51.4
714000,56.8
715000,46.1
716000,42.699999999999996
717000,51.300000000000004
718000,51.0
719000,49.1
720000,41.699999999999996
721000,53.800000000000004
722000,56.8
723000,58.599999999999994
724000,56.599999999999994
725000,55.50000000000001
726000,57.3
727000,56.3
728000,49.8
729000,50.5
730000,63.9
731000,58.9
732000,63.0
733000,43.1
734000,57.3
735000,43.3
736000,33.300000000000004
737000,41.699999999999996
738000,39.1
739000,51.1
740000,54.6
741000,51.9
742000,49.2
743000,54.7
744000,58.3
745000,55.7
746000,53.2
747000,53.1
748000,44.9
749000,48.8
750000,51.4
751000,49.1
752000,41.9
753000,47.9
754000,44.2
755000,51.0
756000,56.599999999999994
757000,55.300000000000004
758000,50.7
759000,55.300000000000004
760000,57.4
761000,55.400000000000006
762000,54.800000000000004
763000,54.1
764000,54.400000000000006
765000,45.300000000000004
766000,55.1
767000,54.0
768000,48.699999999999996
769000,50.0
770000,45.4
771000,43.6
772000,53.7
773000,55.00000000000001
774000,48.699999999999996
775000,51.300000000000004
776000,51.800000000000004
777000,51.0
778000,53.2
779000,50.9
780000,48.3
781000,50.8
782000,48.699999999999996
783000,48.8
784000,51.6
785000,46.1
786000,53.0
787000,50.2
788000,54.50000000000001
789000,53.0
790000,56.2
791000,54.400000000000006
792000,48.1
793000,53.800000000000004
794000,49.1
795000,49.9
796000,54.400000000000006
797000,52.900000000000006
798000,52.2
799000,52.7
800000,41.6
801000,46.6
802000,50.1
803000,48.4
804000,54.50000000000001
805000,50.3
806000,52.6
807000,51.1
808000,56.99999999999999
809000,54.800000000000004
810000,56.10000000000001
811000,58.9
812000,52.900000000000006
813000,46.2
814000,54.7
815000,51.4
816000,49.3
817000,54.400000000000006
818000,53.1
819000,54.7
820000,43.7
821000,46.1
822000,54.300000000000004
823000,54.7
824000,53.300000000000004
825000,52.6
826000,54.1
827000,54.900000000000006
828000,56.99999999999999
829000,56.699999999999996
830000,52.900000000000006
831000,54.6
832000,52.7
833000,53.300000000000004
834000,54.6
835000,54.2
836000,53.7
837000,52.5
838000,49.0
839000,53.0
840000,54.6
841000,49.8
842000,50.5
843000,53.300000000000004
844000,52.1
845000,52.300000000000004
846000,54.0
847000,49.9
848000,45.4
849000,49.5
850000,45.7
851000,49.2
852000,47.699999999999996
853000,50.5
854000,51.6
855000,51.300000000000004
856000,53.6
857000,51.300000000000004
858000,55.900000000000006
859000,45.7
860000,54.1
861000,53.800000000000004
862000,54.0
863000,52.900000000000006
864000,54.400000000000006
865000,56.599999999999994
866000,53.2
867000,55.00000000000001
868000,55.00000000000001
869000,51.4
870000,53.1
871000,54.2
872000,49.7
873000,38.5
874000,43.4
875000,43.8
876000,47.199999999999996
877000,52.300000000000004
878000,48.0
879000,50.9
880000,49.1
881000,51.2
882000,51.4
883000,48.0
884000,52.1
885000,48.8
886000,54.1
887000,49.7
888000,52.1
889000,47.199999999999996
890000,46.6
891000,52.300000000000004
892000,55.1
893000,44.3
894000,53.0
895000,55.300000000000004
896000,51.800000000000004
897000,53.6
898000,53.1
899000,52.900000000000006
900000,45.7
901000,53.5
902000,51.300000000000004
903000,50.5
904000,51.4
905000,56.10000000000001
906000,52.400000000000006
907000,55.50000000000001
908000,55.900000000000006
909000,54.400000000000006
910000,55.00000000000001
911000,54.300000000000004
912000,55.1
913000,51.6
914000,46.800000000000004
915000,55.00000000000001
916000,45.5
917000,52.6
918000,51.9
919000,50.7
920000,54.900000000000006
921000,51.7
922000,48.4
923000,52.1
924000,51.2
925000,49.5
926000,46.300000000000004
927000,54.300000000000004
928000,54.300000000000004
929000,54.6
930000,52.300000000000004
931000,52.300000000000004
932000,45.6
933000,50.6
934000,56.39999999999999
935000,56.2
936000,51.6
937000,50.7
938000,54.2
939000,52.2
940000,48.199999999999996
941000,54.800000000000004
942000,52.2
943000,50.8
944000,53.400000000000006
945000,46.0
946000,51.9
947000,45.7
948000,46.400000000000006
949000,45.5
950000,47.4
951000,49.6
952000,51.800000000000004
953000,49.0
954000,42.8
955000,51.6
956000,49.1
957000,47.699999999999996
958000,49.7
959000,50.9
960000,47.599999999999994
961000,51.5
962000,51.300000000000004
963000,50.6
964000,46.6
965000,51.4
966000,49.1
967000,50.2
968000,54.50000000000001
969000,52.400000000000006
970000,51.1
971000,49.6
972000,54.50000000000001
973000,50.2
974000,53.300000000000004
975000,51.2
976000,55.00000000000001
977000,57.599999999999994
978000,55.50000000000001
979000,54.900000000000006
980000,51.1
981000,54.0
982000,51.5
983000,51.0
984000,50.2
985000,49.7
986000,47.699999999999996
987000,40.8
988000,52.900000000000006
989000,50.2
990000,48.6
991000,52.800000000000004
992000,54.6
993000,55.300000000000004
994000,55.800000000000004
995000,56.39999999999999
996000,53.1
997000,42.8
998000,43.6
999000,45.4
1000000,47.5
1001000,49.1
1002000,48.1
1003000,48.3
1004000,52.2
1005000,43.8
1006000,49.8
1007000,50.8
1008000,55.50000000000001
1009000,52.2
1010000,52.7
1011000,50.6
1012000,53.7
1013000,50.1
1014000,49.3
1015000,49.4
1016000,51.300000000000004
1017000,52.400000000000006
1018000,47.0
1019000,54.0
1020000,45.5
1021000,45.7
1022000,52.800000000000004
1023000,53.0
1024000,49.9
1025000,52.800000000000004
1026000,52.800000000000004
1027000,47.199999999999996
1028000,53.2
1029000,51.6
1030000,49.4
1031000,46.2
1032000,56.00000000000001
1033000,55.800000000000004
1034000,57.49999999999999
1035000,54.2
1036000,56.699999999999996
1037000,51.7
1038000,55.800000000000004
1039000,54.6
1040000,52.1
1041000,52.0
1042000,51.2
1043000,50.8
1044000,50.3
1045000,50.1
1046000,52.2
1047000,51.1
1048000,52.7
1049000,48.6
1050000,45.800000000000004
1051000,42.8
1052000,46.9
1053000,50.1
1054000,55.2
1055000,53.800000000000004
1056000,53.1
1057000,51.9
1058000,50.8
1059000,55.00000000000001
1060000,54.1
1061000,55.7
1062000,53.2
1063000,50.0
1064000,33.300000000000004
1065000,45.4
1066000,49.5
1067000,49.3
1068000,51.0
1069000,55.300000000000004
1070000,57.9
1071000,56.8
1072000,56.00000000000001
1073000,54.7
1074000,49.8
1075000,57.49999999999999
1076000,59.099999999999994
1077000,55.00000000000001
1078000,54.50000000000001
1079000,47.199999999999996
1080000,56.99999999999999
1081000,48.9
1082000,51.800000000000004
1083000,53.1
1084000,50.6
1085000,52.300000000000004
1086000,46.1
1087000,46.2
1088000,42.6
1089000,47.0
1090000,48.3
1091000,47.5
1092000,37.5
1093000,37.4
1094000,52.300000000000004
1095000,46.1
1096000,42.6
1097000,52.900000000000006
1098000,50.6
1099000,50.3
1100000,51.1
1101000,48.4
1102000,43.1
1103000,34.9
1104000,46.2
1105000,44.4
1106000,52.400000000000006
1107000,47.5
1108000,43.6
1109000,46.400000000000006
1110000,53.1
1111000,53.900000000000006
1112000,55.7
1113000,51.2
1114000,50.3
1115000,54.400000000000006
1116000,48.6
1117000,48.9
1118000,50.3
1119000,43.6
1120000,50.2
1121000,44.9
1122000,51.2
1123000,49.3
1124000,54.7
1125000,48.3
1126000,52.400000000000006
1127000,54.2
1128000,54.6
1129000,50.4
1130000,51.6
1131000,53.5
1132000,53.6
1133000,52.6
1134000,55.300000000000004
1135000,54.300000000000004
1136000,52.900000000000006
1137000,55.50000000000001
1138000,52.5
1139000,51.4
1140000,50.3
1141000,54.6
1142000,56.99999999999999
1143000,55.50000000000001
1144000,45.9
1145000,52.1
1146000,48.0
1147000,52.800000000000004
1148000,51.2
1149000,55.1
1150000,52.300000000000004
1151000,49.5
1152000,53.7
1153000,50.3
1154000,51.5
1155000,52.400000000000006
1156000,52.900000000000006
1157000,48.8
1158000,53.0
1159000,51.800000000000004
1160000,49.5
1161000,46.0
1162000,53.300000000000004
1163000,53.900000000000006
1164000,53.300000000000004
1165000,46.800000000000004
1166000,51.7
1167000,53.5
1168000,46.800000000000004
1169000,49.6
1170000,52.2
1171000,54.0
1172000,56.10000000000001
1173000,54.50000000000001
1174000,51.0
1175000,49.3
1176000,53.400000000000006
1177000,55.800000000000004
1178000,50.4
1179000,52.300000000000004
1180000,46.9
1181000,45.0
1182000,50.5
1183000,51.300000000000004
1184000,49.9
1185000,48.699999999999996
1186000,50.4
1187000,54.50000000000001
1188000,51.9
1189000,49.5
1190000,48.4
1191000,52.1
1192000,56.10000000000001
1193000,51.6
1194000,50.6
1195000,49.4
1196000,44.800000000000004
1197000,32.800000000000004
1198000,33.5
1199000,40.8
1200000,44.9
1201000,46.2
1202000,43.8
1203000,47.699999999999996
1204000,53.900000000000006
1205000,55.50000000000001
1206000,57.49999999999999
1207000,54.800000000000004
1208000,45.6
1209000,45.6
1210000,39.6
1211000,34.9
1212000,31.8
1213000,46.7
1214000,41.0
1215000,39.7
1216000,34.8
1217000,44.3
1218000,42.0
1219000,38.0
1220000,37.0
1221000,50.2
1222000,48.4
1223000,42.699999999999996
1224000,47.199999999999996
1225000,49.7
1226000,41.5
1227000,44.7
1228000,51.0
1229000,41.699999999999996
1230000,39.7
1231000,51.1
1232000,52.800000000000004
1233000,51.4
1234000,49.7
1235000,50.7
1236000,49.6
1237000,50.7
1238000,56.39999999999999
1239000,57.199999999999996
1240000,50.0
1241000,52.7
1242000,51.2
1243000,51.5
1244000,49.3
1245000,45.7
1246000,52.900000000000006
1247000,47.4
1248000,50.1
1249000,52.5
1250000,51.0
1251000,50.4
1252000,51.5
1253000,48.9
1254000,52.7
1255000,46.9
1256000,37.2
1257000,49.9
1258000,48.9
1259000,55.800000000000004
1260000,51.6
1261000,52.800000000000004
1262000,52.400000000000006
1263000,51.1
1264000,54.300000000000004
1265000,53.2
1266000,53.400000000000006
1267000,48.199999999999996
1268000,50.0
1269000,51.4
1270000,49.0
1271000,45.800000000000004
1272000,49.2
1273000,48.3
1274000,51.0
1275000,52.800000000000004
1276000,53.7
1277000,48.4
1278000,53.900000000000006
1279000,45.5
1280000,55.7
1281000,55.800000000000004
1282000,54.900000000000006
1283000,53.800000000000004
1284000,53.800000000000004
1285000,55.7
1286000,56.10000000000001
1287000,50.8
1288000,46.9
1289000,49.3
1290000,48.8
1291000,46.5
1292000,45.300000000000004
1293000,40.8
1294000,49.6
1295000,54.50000000000001
1296000,51.2
1297000,49.2
1298000,43.1
1299000,47.4
1300000,47.599999999999994
1301000,46.400000000000006
1302000,48.1
1303000,47.0
1304000,53.1
1305000,51.2
1306000,50.4
1307000,50.1
1308000,50.7
1309000,41.5
1310000,43.4
1311000,50.8
1312000,47.599999999999994
1313000,46.2
1314000,47.4
1315000,42.1
1316000,46.5
1317000,54.7
1318000,54.0
1319000,53.0
1320000,57.099999999999994
1321000,56.99999999999999
1322000,51.300000000000004
1323000,51.300000000000004
1324000,48.6
1325000,45.5
1326000,48.199999999999996
1327000,52.2
1328000,53.1
1329000,49.9
1330000,48.3
1331000,52.7
1332000,51.1
1333000,46.1
1334000,47.199999999999996
1335000,43.9
1336000,53.800000000000004
1337000,52.400000000000006
1338000,50.4
1339000,50.2
1340000,49.7
1341000,49.6
1342000,52.6
1343000,44.2
1344000,46.400000000000006
1345000,47.3
1346000,47.599999999999994
1347000,53.5
1348000,52.300000000000004
1349000,50.7
1350000,53.2
1351000,50.9
1352000,50.5
1353000,52.6
1354000,54.900000000000006
1355000,53.300000000000004
1356000,54.0
1357000,49.6
1358000,53.6
1359000,54.50000000000001
1360000,51.2
1361000,50.1
1362000,49.8
1363000,58.599999999999994
1364000,57.699999999999996
1365000,58.099999999999994
1366000,55.50000000000001
1367000,50.7
1368000,48.5
1369000,50.8
1370000,42.699999999999996
1371000,44.0
1372000,51.6
1373000,53.5
1374000,52.0
1375000,56.2
1376000,53.5
1377000,54.2
1378000,55.00000000000001
1379000,53.400000000000006
1380000,54.2
1381000,48.5
1382000,49.4
1383000,46.0
1384000,55.300000000000004
1385000,54.7
1386000,52.0
1387000,52.7
1388000,49.8
1389000,54.50000000000001
1390000,49.2
1391000,46.5
1392000,45.1
1393000,47.0
1394000,46.2
1395000,43.1
1396000,54.50000000000001
1397000,46.2
1398000,49.2
1399000,48.699999999999996
1400000,48.4
1401000,49.8
1402000,54.1
1403000,54.800000000000004
1404000,49.6
1405000,46.6
1406000,52.900000000000006
1407000,43.8
1408000,52.2
1409000,50.4
1410000,51.0
1411000,48.5
1412000,43.5
1413000,40.2
1414000,47.5
1415000,48.8
1416000,51.5
1417000,41.699999999999996
1418000,41.4
1419000,45.5
1420000,45.800000000000004
1421000,47.699999999999996
1422000,51.4
1423000,44.800000000000004
1424000,38.800000000000004
1425000,44.4
1426000,45.2
1427000,49.8
1428000,56.3
1429000,58.8
1430000,53.7
1431000,49.0
1432000,48.6
1433000,40.400000000000006
1434000,36.199999999999996
1435000,45.800000000000004
1436000,45.800000000000004
1437000,47.199999999999996
1438000,54.50000000000001
1439000,52.400000000000006
1440000,52.1
1441000,49.4
1442000,47.0
1443000,52.400000000000006
1444000,54.2
1445000,46.300000000000004
1446000,45.6
1447000,50.3
1448000,53.0
1449000,50.9
1450000,49.6
1451000,49.7
1452000,55.400000000000006
1453000,48.0
1454000,51.4
1455000,53.1
1456000,54.400000000000006
1457000,53.300000000000004
1458000,55.00000000000001
1459000,53.900000000000006
1460000,52.2
1461000,56.3
1462000,52.5
1463000,50.8
1464000,51.1
1465000,39.7
1466000,54.900000000000006
1467000,47.699999999999996
1468000,54.6
1469000,46.6
1470000,42.699999999999996
1471000,45.1
1472000,52.0
1473000,54.50000000000001
1474000,51.1
1475000,40.6
1476000,43.2
1477000,46.1
1478000,44.800000000000004
1479000,48.3
1480000,51.7
1481000,50.7
1482000,50.3
1483000,51.6
1484000,55.300000000000004
1485000,53.900000000000006
1486000,51.4
1487000,48.5
1488000,49.2
1489000,48.9
1490000,46.400000000000006
1491000,46.6
1492000,45.0
1493000,53.900000000000006
1494000,51.2
1495000,48.6
1496000,50.0
1497000,50.3
1498000,47.5
1499000,47.5
1500000,48.4
1501000,49.0
1502000,43.7
1503000,47.199999999999996
1504000,52.400000000000006
1505000,53.400000000000006
1506000,50.0
1507000,50.6
1508000,51.4
1509000,43.9
1510000,51.1
1511000,49.7
1512000,53.7
1513000,53.300000000000004
1514000,53.7
1515000,53.300000000000004
1516000,53.400000000000006
1517000,45.300000000000004
1518000,51.300000000000004
1519000,52.2
1520000,43.6
1521000,48.199999999999996
1522000,54.400000000000006
1523000,47.8
1524000,50.2
1525000,52.5
1526000,42.5
1527000,38.5
1528000,64.7
1529000,49.5
1530000,33.6
1531000,36.199999999999996
1532000,42.699999999999996
1533000,48.1
1534000,51.1
1535000,52.6
1536000,53.300000000000004
1537000,56.89999999999999
1538000,53.400000000000006
1539000,55.800000000000004
1540000,55.1
1541000,54.50000000000001
1542000,53.6
1543000,48.8
1544000,34.2
1545000,36.1
1546000,42.5
1547000,50.9
1548000,53.7
1549000,55.50000000000001
1550000,53.7
1551000,52.0
1552000,48.699999999999996
1553000,52.1
1554000,52.900000000000006
1555000,48.0
1556000,44.5
1557000,54.50000000000001
1558000,53.800000000000004
1559000,52.900000000000006
1560000,54.400000000000006
1561000,51.300000000000004
1562000,51.9
1563000,48.199999999999996
1564000,50.6
1565000,49.4
1566000,43.5
1567000,46.1
1568000,50.6
1569000,48.4
1570000,49.9
1571000,53.6
1572000,39.0
1573000,47.699999999999996
1574000,47.099999999999994
1575000,45.4
1576000,45.9
1577000,46.5
1578000,43.8
1579000,37.1
1580000,41.699999999999996
1581000,43.6
1582000,39.300000000000004
1583000,36.7
1584000,46.6
1585000,52.5
1586000,42.4
1587000,43.9
1588000,44.6
1589000,44.7
1590000,42.5
1591000,47.8
1592000,47.599999999999994
1593000,54.50000000000001
1594000,52.400000000000006
1595000,52.900000000000006
1596000,46.400000000000006
1597000,46.400000000000006
1598000,39.800000000000004
1599000,53.7
1600000,50.4
1601000,47.5
1602000,53.300000000000004
1603000,54.1
1604000,53.0
1605000,50.4
1606000,48.6
1607000,51.300000000000004
1608000,48.3
1609000,50.0
1610000,48.9
1611000,49.8
1612000,52.800000000000004
1613000,52.1
1614000,51.7
1615000,48.0
1616000,40.8
1617000,50.9
1618000,50.4
1619000,46.300000000000004
1620000,49.9
1621000,46.9
1622000,46.2
1623000,43.9
1624000,40.2
1625000,52.400000000000006
1626000,49.4
1627000,49.0
1628000,50.1
1629000,48.9
1630000,48.3
1631000,47.5
1632000,39.4
1633000,37.8
1634000,46.2
1635000,53.400000000000006
1636000,47.099999999999994
1637000,32.800000000000004
1638000,36.7
1639000,47.5
1640000,41.8
1641000,38.4
1642000,43.5
1643000,50.9
1644000,49.9
1645000,48.699999999999996
1646000,42.4
1647000,45.4
1648000,45.6
1649000,45.9
1650000,48.6
1651000,48.0
1652000,41.3
1653000,46.5
1654000,51.0
1655000,46.400000000000006
1656000,45.7
1657000,46.7
1658000,51.1
1659000,48.4
1660000,51.4
1661000,51.7
1662000,50.1
1663000,52.800000000000004
1664000,53.6
1665000,52.6
1666000,53.6
1667000,49.7
1668000,50.6
1669000,49.8
1670000,53.2
1671000,44.800000000000004
1672000,52.7
1673000,43.4
1674000,51.300000000000004
1675000,53.400000000000006
1676000,51.1
1677000,52.2
1678000,45.0
1679000,51.800000000000004
1680000,53.0
1681000,49.6
1682000,47.4
1683000,49.7
1684000,51.4
1685000,53.6
1686000,50.4
1687000,52.1
1688000,48.9
1689000,50.2
1690000,48.6
1691000,47.9
1692000,44.0
1693000,52.1
1694000,54.7
1695000,52.0
1696000,46.7
1697000,46.6
1698000,51.4
1699000,50.6
1700000,52.2
1701000,51.0
1702000,52.400000000000006
1703000,53.6
1704000,42.5
1705000,47.599999999999994
1706000,53.800000000000004
1707000,54.7
1708000,57.099999999999994
1709000,52.2
1710000,53.900000000000006
1711000,51.7
1712000,40.1
1713000,52.300000000000004
1714000,50.9
1715000,51.6
1716000,50.8
1717000,52.0
1718000,51.5
1719000,47.3
1720000,47.4
1721000,48.6
1722000,54.50000000000001
1723000,50.9
1724000,52.6
1725000,50.9
1726000,52.5
1727000,52.2
1728000,52.900000000000006
1729000,57.699999999999996
1730000,56.39999999999999
1731000,56.699999999999996
1732000,56.49999999999999
1733000,55.50000000000001
1734000,44.1
1735000,48.699999999999996
1736000,52.400000000000006
1737000,47.699999999999996
1738000,54.6
1739000,51.6
1740000,54.0
1741000,46.400000000000006
1742000,47.3
1743000,49.6
1744000,52.400000000000006
1745000,51.5
1746000,45.5
1747000,45.300000000000004
1748000,50.1
1749000,51.0
1750000,50.5
1751000,51.2
1752000,47.699999999999996
1753000,47.4
1754000,42.199999999999996
1755000,42.4
1756000,50.6
1757000,44.800000000000004
1758000,51.7
1759000,51.800000000000004
1760000,55.300000000000004
1761000,52.7
1762000,49.9
1763000,52.6
1764000,46.0
1765000,51.1
1766000,53.900000000000006
1767000,54.0
1768000,50.8
1769000,54.900000000000006
1770000,44.5
1771000,43.5
1772000,44.7
1773000,44.4
1774000,49.8
1775000,47.199999999999996
1776000,48.0
1777000,50.5
1778000,43.9
1779000,48.1
1780000,52.400000000000006
1781000,54.50000000000001
1782000,53.1
1783000,52.5
1784000,48.8
1785000,54.50000000000001
1786000,55.1
1787000,44.800000000000004
1788000,51.6
1789000,50.5
1790000,52.400000000000006
1791000,45.6
1792000,45.9
1793000,53.2
1794000,54.50000000000001
1795000,50.4
1796000,53.900000000000006
1797000,55.00000000000001
1798000,54.400000000000006
1799000,46.800000000000004
1800000,47.8
1801000,49.9
1802000,45.6
1803000,39.300000000000004
1804000,38.3
1805000,47.699999999999996
1806000,48.5
1807000,48.3
1808000,50.5
1809000,47.9
1810000,47.699999999999996
1811000,51.300000000000004
1812000,42.4
1813000,42.699999999999996
1814000,50.8
1815000,52.900000000000006
1816000,51.800000000000004
1817000,47.199999999999996
1818000,43.3
1819000,46.7
1820000,51.6
1821000,41.9
1822000,49.7
1823000,48.9
1824000,51.9
1825000,44.1
1826000,54.0
1827000,55.1
1828000,58.3
1829000,58.8
1830000,54.6
1831000,55.00000000000001
1832000,46.5
1833000,48.3
1834000,49.8
1835000,54.2
1836000,55.800000000000004
1837000,57.199999999999996
1838000,54.1
1839000,52.400000000000006
1840000,53.0
1841000,52.800000000000004
1842000,48.9
1843000,52.1
1844000,40.2
1845000,54.7
1846000,55.800000000000004
1847000,54.800000000000004
1848000,51.2
1849000,51.7
1850000,52.2
1851000,51.4
1852000,48.8
1853000,45.0
1854000,41.0
1855000,47.5
1856000,45.0
1857000,44.800000000000004
1858000,47.3
1859000,49.1
1860000,51.0
1861000,46.7
1862000,45.5
1863000,49.8
1864000,49.9
1865000,51.5
1866000,45.9
1867000,51.4
1868000,50.1
1869000,50.6
1870000,35.3
1871000,42.9
1872000,47.099999999999994
1873000,47.3
1874000,49.1
1875000,49.3
1876000,52.800000000000004
1877000,48.4
1878000,46.300000000000004
1879000,46.9
1880000,44.1
1881000,51.300000000000004
1882000,53.800000000000004
1883000,47.599999999999994
1884000,51.7
1885000,52.2
1886000,50.9
1887000,54.400000000000006
1888000,50.7
1889000,48.9
1890000,54.2
1891000,55.60000000000001
1892000,53.800000000000004
1893000,47.099999999999994
1894000,45.0
1895000,52.0
1896000,49.8
1897000,53.300000000000004
1898000,52.800000000000004
1899000,50.8
1900000,54.900000000000006
1901000,47.8
1902000,50.2
1903000,49.5
1904000,53.2
1905000,42.4
1906000,52.5
1907000,41.5
1908000,41.099999999999994
1909000,47.199999999999996
1910000,49.1
1911000,51.300000000000004
1912000,50.5
1913000,50.6
1914000,51.2
1915000,51.300000000000004
1916000,48.199999999999996
1917000,50.1
1918000,54.0
1919000,53.400000000000006
1920000,53.2
1921000,51.0
1922000,47.4
1923000,46.0
1924000,51.1
1925000,48.6
1926000,52.0
1927000,48.699999999999996
1928000,49.8
1929000,50.9
1930000,47.8
1931000,53.6
1932000,55.1
1933000,53.800000000000004
1934000,50.7
1935000,50.5
1936000,46.300000000000004
1937000,48.6
1938000,54.6
1939000,50.6
1940000,52.1
1941000,50.8
1942000,48.5
1943000,49.6
1944000,54.900000000000006
1945000,52.1
1946000,42.8
1947000,52.800000000000004
1948000,53.0
1949000,52.1
1950000,53.2
1951000,52.900000000000006
1952000,49.6
1953000,50.9
1954000,51.5
1955000,51.2
1956000,51.800000000000004
1957000,47.3
1958000,43.8
1959000,51.1
1960000,52.2
1961000,51.1
1962000,44.800000000000004
1963000,55.7
1964000,54.0
1965000,54.6
1966000,54.300000000000004
1967000,52.7
1968000,54.0
1969000,54.7
1970000,52.2
1971000,56.99999999999999
1972000,47.699999999999996
1973000,53.900000000000006
1974000,52.900000000000006
1975000,52.0
1976000,51.800000000000004
1977000,49.7
1978000,47.699999999999996
1979000,40.8
1980000,47.699999999999996
1981000,49.8
1982000,50.6
1983000,52.7
1984000,51.6
1985000,51.800000000000004
1986000,38.0
1987000,47.0
1988000,43.2
1989000,47.9
1990000,50.0
1991000,51.9
1992000,49.7
1993000,53.900000000000006
1994000,48.6
1995000,44.9
1996000,43.6
1997000,54.0
1998000,53.6
1999000,51.300000000000004
2000000,46.400000000000006
2001000,52.400000000000006
2002000,46.800000000000004
2003000,45.800000000000004
2004000,54.1
2005000,49.5
2006000,48.0
2007000,54.7
2008000,52.0
2009000,51.800000000000004
2010000,48.9
2011000,37.0
2012000,42.0
2013000,51.9
2014000,55.50000000000001
2015000,55.800000000000004
2016000,58.199999999999996
2017000,58.099999999999994
2018000,52.6
2019000,55.300000000000004
2020000,54.300000000000004
2021000,55.00000000000001
2022000,51.4
2023000,43.5
2024000,43.7
2025000,47.8
2026000,53.6
2027000,50.7
2028000,51.0
2029000,50.9
2030000,55.1
2031000,53.0
2032000,52.5
2033000,39.800000000000004
2034000,45.1
2035000,42.9
2036000,48.8
2037000,37.9
2038000,43.3
2039000,47.199999999999996
2040000,50.3
2041000,39.2
2042000,41.699999999999996
2043000,43.8
2044000,43.1
2045000,51.9
2046000,51.2
2047000,48.199999999999996
2048000,51.5
2049000,50.5
2050000,50.3
2051000,47.199999999999996
2052000,41.3
2053000,43.4
2054000,48.6
2055000,49.4
2056000,42.1
2057000,38.2
2058000,48.0
2059000,47.0
2060000,48.1
2061000,48.0
2062000,47.099999999999994
2063000,49.4
2064000,53.5
2065000,48.4
2066000,52.0
2067000,44.3
2068000,40.300000000000004
2069000,55.1
2070000,49.8
2071000,53.7
2072000,58.099999999999994
2073000,57.8
2074000,57.199999999999996
2075000,49.5
2076000,53.800000000000004
2077000,53.300000000000004
2078000,46.1
2079000,47.099999999999994
2080000,50.1
2081000,48.199999999999996
2082000,48.0
2083000,49.6
2084000,51.800000000000004
2085000,46.7
2086000,53.2
2087000,48.0
2088000,51.6
2089000,44.0
2090000,53.1
2091000,57.599999999999994
2092000,57.49999999999999
2093000,52.300000000000004
2094000,56.39999999999999
2095000,55.900000000000006
2096000,53.5
2097000,48.8
2098000,44.3
2099000,40.0
2100000,50.7
2101000,42.4
2102000,53.800000000000004
2103000,33.2
2104000,36.6
2105000,36.4
2106000,32.2
2107000,35.8
2108000,34.8
2109000,36.9
2110000,42.0
2111000,45.800000000000004
2112000,43.6
2113000,47.199999999999996
2114000,43.8
2115000,50.5
2116000,56.49999999999999
2117000,52.5
2118000,54.7
2119000,53.900000000000006
2120000,55.400000000000006
2121000,56.00000000000001
2122000,53.300000000000004
2123000,53.7
2124000,55.900000000000006
2125000,55.00000000000001
2126000,56.39999999999999
2127000,56.599999999999994
2128000,47.199999999999996
2129000,43.4
2130000,45.300000000000004
2131000,53.7
2132000,52.7
2133000,52.1
2134000,52.800000000000004
2135000,54.900000000000006
2136000,54.50000000000001
2137000,39.4
2138000,53.800000000000004
2139000,52.2
2140000,51.6
2141000,57.99999999999999
2142000,50.1
2143000,50.1
2144000,51.2
2145000,53.2
2146000,53.6
2147000,53.2
2148000,58.199999999999996
2149000,52.2
2150000,49.2
2151000,40.9
2152000,52.900000000000006
2153000,47.8
2154000,55.00000000000001
2155000,59.5
2156000,53.5
2157000,56.49999999999999
2158000,58.199999999999996
2159000,55.7
2160000,54.900000000000006
2161000,57.199999999999996
2162000,53.7
2163000,54.400000000000006
2164000,53.900000000000006
2165000,50.3
2166000,54.800000000000004
2167000,45.300000000000004
2168000,41.6
2169000,45.800000000000004
2170000,53.400000000000006
2171000,52.400000000000006
2172000,46.5
2173000,52.400000000000006
2174000,44.0
2175000,48.5
2176000,51.5
2177000,49.0
2178000,48.6
2179000,51.2
2180000,54.800000000000004
2181000,56.599999999999994
2182000,51.5
2183000,50.2
2184000,54.1
2185000,49.6
2186000,48.6
2187000,42.6
2188000,42.6
2189000,46.800000000000004
2190000,43.5
2191000,40.1
2192000,36.199999999999996
2193000,53.1
2194000,51.0
2195000,53.1
2196000,48.5
2197000,46.300000000000004
2198000,50.1
2199000,55.800000000000004
2200000,50.2
2201000,50.6
2202000,51.7
2203000,50.8
2204000,44.0
2205000,55.400000000000006
2206000,55.800000000000004
2207000,55.800000000000004
2208000,53.900000000000006
2209000,54.7
2210000,55.800000000000004
2211000,44.5
2212000,49.2
2213000,50.1
2214000,49.9
2215000,53.300000000000004
2216000,57.099999999999994
2217000,56.10000000000001
2218000,56.2
2219000,51.4
2220000,54.0
2221000,54.800000000000004
2222000,51.6
2223000,50.3
2224000,50.8
2225000,52.1
2226000,54.1
2227000,54.400000000000006
2228000,50.9
2229000,52.6
2230000,51.300000000000004
2231000,51.6
2232000,54.800000000000004
2233000,44.1
2234000,51.2
2235000,51.2
2236000,51.6
2237000,48.4
2238000,46.5
2239000,48.5
2240000,48.4
2241000,51.300000000000004
2242000,54.800000000000004
2243000,49.7
2244000,55.1
2245000,53.5
2246000,48.699999999999996
2247000,53.7
2248000,50.9
2249000,51.300000000000004
2250000,53.800000000000004
2251000,51.800000000000004
2252000,52.2
2253000,50.0
2254000,53.7
2255000,42.4
2256000,51.0
2257000,51.2
2258000,48.1
2259000,44.3
2260000,55.1
2261000,55.400000000000006
2262000,54.1
2263000,50.5
2264000,54.0
2265000,50.6
2266000,50.0
2267000,50.6
2268000,52.0
2269000,42.6
2270000,46.5
2271000,50.2
2272000,52.0
2273000,49.7
2274000,52.6
2275000,52.1
2276000,52.1
2277000,49.8
2278000,47.4
2279000,53.5
2280000,51.9
2281000,52.1
2282000,51.300000000000004
2283000,51.9
2284000,50.1
2285000,53.2
2286000,48.8
2287000,49.6
2288000,44.0
2289000,54.7
2290000,46.5
2291000,52.2
2292000,54.50000000000001
2293000,56.599999999999994
2294000,56.99999999999999
2295000,55.800000000000004
2296000,55.00000000000001
2297000,53.400000000000006
2298000,55.300000000000004
2299000,56.599999999999994
2300000,58.8
2301000,55.400000000000006
2302000,55.900000000000006
2303000,47.199999999999996
2304000,57.3
2305000,54.2
2306000,50.4
2307000,53.400000000000006
2308000,51.2
2309000,56.99999999999999
2310000,53.7
2311000,51.1
2312000,46.800000000000004
2313000,42.6
2314000,51.7
2315000,47.699999999999996
2316000,47.4
2317000,53.1
2318000,50.0
2319000,49.8
2320000,47.699999999999996
2321000,48.8
2322000,50.1
2323000,49.4
2324000,53.0
2325000,53.7
2326000,52.800000000000004
2327000,51.7
2328000,53.6
2329000,54.900000000000006
2330000,54.900000000000006
2331000,54.800000000000004
2332000,52.900000000000006
2333000,53.0
2334000,53.400000000000006
2335000,52.2
2336000,49.4
2337000,54.300000000000004
2338000,54.1
2339000,53.300000000000004
2340000,53.1
2341000,53.900000000000006
2342000,54.6
2343000,45.1
2344000,38.9
2345000,53.800000000000004
2346000,53.6
2347000,51.9
2348000,52.1
2349000,45.800000000000004
2350000,46.400000000000006
2351000,53.400000000000006
2352000,49.7
2353000,56.599999999999994
2354000,55.800000000000004
2355000,56.699999999999996
2356000,51.0
2357000,49.0
2358000,53.300000000000004
2359000,53.400000000000006
2360000,52.6
2361000,50.8
2362000,52.2
2363000,52.6
2364000,45.2
2365000,40.400000000000006
2366000,51.2
2367000,50.7
2368000,53.900000000000006
2369000,48.3
2370000,52.5
2371000,51.6
2372000,51.4
2373000,47.9
2374000,57.49999999999999
2375000,58.599999999999994
2376000,55.60000000000001
2377000,56.49999999999999
2378000,58.599999999999994
2379000,52.6
2380000,53.7
2381000,46.9
2382000,44.7
2383000,36.1
2384000,47.199999999999996
2385000,42.699999999999996
2386000,45.2
2387000,41.9
2388000,37.6
2389000,42.8
2390000,57.99999999999999
2391000,53.800000000000004
2392000,56.39999999999999
2393000,54.7
2394000,58.599999999999994
2395000,53.800000000000004
2396000,54.400000000000006
2397000,57.199999999999996
2398000,56.599999999999994
2399000,55.2
2400000,55.300000000000004
2401000,55.800000000000004
2402000,56.49999999999999
2403000,53.7
2404000,53.300000000000004
2405000,43.5
2406000,46.1
2407000,42.199999999999996
2408000,50.7
2409000,50.4
2410000,53.6
2411000,52.900000000000006
2412000,49.8
2413000,44.9
2414000,55.2
2415000,54.900000000000006
2416000,54.2
2417000,50.3
2418000,53.6
2419000,50.7
2420000,50.3
2421000,49.6
2422000,52.300000000000004
2423000,46.6
2424000,51.800000000000004
2425000,51.800000000000004
2426000,46.9
2427000,47.8
2428000,52.400000000000006
2429000,53.800000000000004
2430000,50.5
2431000,56.49999999999999
2432000,56.39999999999999
2433000,54.6
2434000,49.6
2435000,54.0
2436000,54.400000000000006
2437000,52.6
2438000,51.9
2439000,57.599999999999994
2440000,55.300000000000004
2441000,52.900000000000006
2442000,54.1
2443000,53.5
2444000,51.300000000000004
2445000,53.800000000000004
2446000,56.2
2447000,54.1
2448000,51.2
2449000,48.4
2450000,47.599999999999994
2451000,50.6
2452000,50.8
2453000,53.300000000000004
2454000,49.8
2455000,39.6
2456000,45.5
2457000,49.6
2458000,55.50000000000001
2459000,55.00000000000001
2460000,51.300000000000004
2461000,47.9
2462000,45.9
2463000,35.5
2464000,47.099999999999994
2465000,48.4
2466000,46.6
2467000,46.300000000000004
2468000,42.1
2469000,29.099999999999998
2470000,35.5
2471000,46.800000000000004
2472000,55.00000000000001
2473000,49.8
2474000,44.800000000000004
2475000,46.5
2476000,44.0
2477000,46.300000000000004
2478000,48.9
2479000,48.9
2480000,48.5
2481000,41.4
2482000,44.6
2483000,36.6
2484000,40.1
2485000,39.4
2486000,40.8
2487000,42.699999999999996
2488000,45.6
2489000,44.9
2490000,42.699999999999996
2491000,48.3
2492000,47.599999999999994
2493000,40.400000000000006
2494000,41.0
2495000,46.6
2496000,46.9
2497000,54.2
2498000,48.699999999999996
2499000,49.4
2500000,50.3
2501000,52.300000000000004
2502000,53.6
2503000,56.599999999999994
2504000,57.49999999999999
2505000,57.49999999999999
2506000,56.39999999999999
2507000,51.9
2508000,50.4
2509000,51.2
2510000,52.1
2511000,54.2
2512000,47.699999999999996
2513000,49.1
2514000,52.900000000000006
2515000,48.1
2516000,50.6
2517000,47.4
2518000,48.6
2519000,50.4
2520000,50.5
2521000,50.9
2522000,46.0
2523000,48.6
2524000,50.1
2525000,44.800000000000004
2526000,51.300000000000004
2527000,52.7
2528000,54.1
2529000,54.900000000000006
2530000,55.2
2531000,46.9
2532000,50.4
2533000,46.400000000000006
2534000,49.7
2535000,48.4
2536000,50.7
2537000,44.2
2538000,48.3
2539000,55.7
2540000,57.3
2541000,57.199999999999996
2542000,54.900000000000006
2543000,51.6
2544000,52.2
2545000,50.8
2546000,53.5
2547000,57.49999999999999
2548000,52.0
2549000,52.800000000000004
2550000,52.400000000000006
2551000,52.7
2552000,47.3
2553000,54.400000000000006
2554000,54.300000000000004
2555000,56.00000000000001
2556000,55.800000000000004
2557000,57.49999999999999
2558000,52.900000000000006
2559000,54.1
2560000,42.4
2561000,48.0
2562000,48.9
2563000,45.7
2564000,48.4
2565000,55.900000000000006
2566000,58.8
2567000,56.00000000000001
2568000,57.199999999999996
2569000,57.9
2570000,58.199999999999996
2571000,56.8
2572000,57.9
2573000,57.99999999999999
2574000,56.599999999999994
2575000,47.699999999999996
2576000,51.7
2577000,55.50000000000001
2578000,47.199999999999996
2579000,52.400000000000006
2580000,54.300000000000004
2581000,56.00000000000001
2582000,51.7
2583000,53.2
2584000,55.50000000000001
2585000,50.4
2586000,50.1
2587000,51.800000000000004
2588000,54.0
2589000,53.0
2590000,53.2
2591000,45.5
2592000,51.1
2593000,52.900000000000006
2594000,54.800000000000004
2595000,55.50000000000001
2596000,53.5
2597000,50.3
2598000,55.800000000000004
2599000,49.3
2600000,50.1
2601000,51.1
2602000,55.400000000000006
2603000,55.2
2604000,53.7
2605000,55.400000000000006
2606000,53.6
2607000,53.2
2608000,55.800000000000004
2609000,53.900000000000006
2610000,53.900000000000006
2611000,54.900000000000006
2612000,51.6
2613000,53.2
2614000,51.9
2615000,53.0
2616000,53.900000000000006
2617000,52.5
2618000,52.2
2619000,52.900000000000006
2620000,48.1
2621000,51.800000000000004
2622000,52.5
2623000,47.3
2624000,50.5
2625000,50.0
2626000,50.8
2627000,49.7
2628000,43.8
2629000,36.199999999999996
2630000,48.9
2631000,54.50000000000001
2632000,53.2
2633000,55.1
2634000,52.6
2635000,49.1
2636000,52.2
2637000,52.400000000000006
2638000,53.0
2639000,53.2
2640000,53.900000000000006
2641000,52.300000000000004
2642000,53.900000000000006
2643000,53.0
2644000,49.0
2645000,57.49999999999999
2646000,56.00000000000001
2647000,55.300000000000004
2648000,54.300000000000004
2649000,53.300000000000004
2650000,53.6
2651000,49.0
2652000,50.9
2653000,47.199999999999996
2654000,47.199999999999996
2655000,56.2
2656000,53.800000000000004
2657000,56.10000000000001
2658000,57.199999999999996
2659000,52.300000000000004
2660000,52.900000000000006
2661000,52.300000000000004
2662000,52.900000000000006
2663000,53.0
2664000,52.800000000000004
2665000,48.5
2666000,52.800000000000004
2667000,55.1
2668000,48.6
2669000,52.1
2670000,53.0
2671000,55.800000000000004
2672000,55.7
2673000,48.8
2674000,56.39999999999999
2675000,54.400000000000006
2676000,55.800000000000004
2677000,56.10000000000001
2678000,50.5
2679000,49.0
2680000,55.60000000000001
2681000,54.2
2682000,53.1
2683000,51.2
2684000,52.300000000000004
2685000,46.6
2686000,53.800000000000004
2687000,52.6
2688000,55.400000000000006
2689000,51.9
2690000,53.900000000000006
2691000,50.1
2692000,56.89999999999999
2693000,58.8
2694000,56.00000000000001
2695000,51.5
2696000,51.9
2697000,51.2
2698000,50.4
2699000,47.3
2700000,44.0
2701000,54.400000000000006
2702000,54.400000000000006
2703000,52.1
2704000,50.5
2705000,51.4
2706000,55.800000000000004
2707000,51.2
2708000,50.4
2709000,50.3
2710000,48.1
2711000,53.800000000000004
2712000,52.0
2713000,56.00000000000001
2714000,49.4
2715000,49.0
2716000,45.6
2717000,54.300000000000004
2718000,53.300000000000004
2719000,51.5
2720000,57.199999999999996
2721000,54.6
2722000,49.0
2723000,48.4
2724000,50.5
2725000,47.099999999999994
2726000,54.300000000000004
2727000,53.1
2728000,53.400000000000006
2729000,49.0
2730000,55.300000000000004
2731000,47.8
2732000,51.9
2733000,52.300000000000004
2734000,51.4
2735000,53.1
2736000,49.0
2737000,44.9
2738000,48.8
2739000,53.400000000000006
2740000,51.6
2741000,42.4
2742000,47.199999999999996
2743000,48.8
2744000,50.1
2745000,51.2
2746000,53.1
2747000,53.900000000000006
2748000,51.1
2749000,52.300000000000004
2750000,48.9
2751000,49.8
2752000,50.8
2753000,49.2
2754000,48.5
2755000,50.7
2756000,48.6
2757000,40.9
2758000,40.2
2759000,39.5
2760000,35.8
2761000,44.800000000000004
2762000,50.6
2763000,49.3
2764000,48.0
2765000,44.800000000000004
2766000,45.4
2767000,45.9
2768000,54.400000000000006
2769000,55.300000000000004
2770000,54.300000000000004
2771000,47.199999999999996
2772000,52.300000000000004
2773000,36.8
2774000,31.5
2775000,46.5
2776000,53.900000000000006
2777000,49.1
2778000,50.4
2779000,53.400000000000006
2780000,49.8
2781000,46.300000000000004
2782000,44.2
2783000,39.900000000000006
2784000,33.300000000000004
2785000,39.1
2786000,32.0
2787000,37.6
2788000,38.0
2789000,53.800000000000004
2790000,57.99999999999999
2791000,59.5
2792000,56.89999999999999
2793000,59.699999999999996
2794000,54.50000000000001
2795000,50.3
2796000,51.5
2797000,45.4
2798000,41.699999999999996
2799000,46.1
2800000,49.3
2801000,54.2
2802000,50.6
2803000,50.2
2804000,42.8
2805000,51.4
2806000,57.8
2807000,52.800000000000004
2808000,52.2
2809000,51.6
2810000,50.1
2811000,51.6
2812000,55.2
2813000,56.39999999999999
2814000,50.1
2815000,50.9
2816000,50.2
2817000,50.1
2818000,48.699999999999996
2819000,49.2
2820000,54.300000000000004
2821000,54.1
2822000,49.5
2823000,54.6
2824000,55.2
2825000,48.4
2826000,52.400000000000006
2827000,55.900000000000006
2828000,52.5
2829000,49.2
2830000,58.3
2831000,56.8
2832000,48.5
2833000,55.300000000000004
2834000,54.900000000000006
2835000,58.8
2836000,57.3
2837000,53.6
2838000,49.6
2839000,51.4
2840000,55.800000000000004
2841000,52.300000000000004
2842000,52.400000000000006
2843000,55.50000000000001
2844000,55.7
2845000,57.9
2846000,55.60000000000001
2847000,59.5
2848000,58.099999999999994
2849000,56.10000000000001
2850000,48.8
2851000,56.00000000000001
2852000,54.400000000000006
2853000,57.99999999999999
2854000,51.1
2855000,52.300000000000004
2856000,51.4
2857000,54.800000000000004
2858000,57.099999999999994
2859000,49.8
2860000,47.3
2861000,49.5
2862000,54.0
2863000,55.2
2864000,51.1
2865000,51.300000000000004
2866000,52.300000000000004
2867000,51.300000000000004
2868000,51.6
2869000,54.6
2870000,53.400000000000006
2871000,52.5
2872000,53.5
2873000,50.5
2874000,55.2
2875000,53.400000000000006
2876000,49.1
2877000,52.900000000000006
2878000,52.6
2879000,50.3
2880000,46.400000000000006
2881000,44.1
2882000,43.6
2883000,44.4
2884000,39.7
2885000,45.300000000000004
2886000,44.7
2887000,45.1
2888000,55.2
2889000,55.900000000000006
2890000,55.900000000000006
2891000,55.300000000000004
2892000,47.9
2893000,56.2
2894000,48.5
2895000,55.800000000000004
2896000,55.900000000000006
2897000,52.2
2898000,52.900000000000006
2899000,44.6
2900000,42.199999999999996
2901000,51.2
2902000,50.2
2903000,38.3
2904000,47.099999999999994
2905000,41.199999999999996
2906000,44.800000000000004
2907000,50.6
2908000,50.5
2909000,51.0
2910000,49.0
2911000,52.2
2912000,53.6
2913000,50.8
2914000,52.7
2915000,48.8
2916000,49.8
2917000,49.0
2918000,54.6
2919000,53.5
2920000,51.5
2921000,53.300000000000004
2922000,49.0
2923000,53.7
2924000,46.6
2925000,47.4
2926000,50.6
2927000,46.1
2928000,50.4
2929000,51.0
2930000,56.8
2931000,53.1
2932000,53.7
2933000,43.9
2934000,43.1
2935000,52.2
2936000,54.400000000000006
2937000,52.0
2938000,50.9
2939000,49.4
2940000,53.800000000000004
2941000,51.0
2942000,45.6
2943000,51.6
2944000,55.7
2945000,53.400000000000006
2946000,52.300000000000004
2947000,50.2
2948000,54.800000000000004
2949000,49.0
2950000,54.400000000000006
2951000,55.900000000000006
2952000,51.9
2953000,54.50000000000001
2954000,55.00000000000001
2955000,55.50000000000001
2956000,51.6
2957000,49.1
2958000,51.4
2959000,52.2
2960000,55.2
2961000,54.300000000000004
2962000,52.5
2963000,53.6
2964000,52.0
2965000,52.2
2966000,53.0
2967000,54.1
2968000,50.7
2969000,43.6
2970000,52.0
2971000,48.5
2972000,53.400000000000006
2973000,55.7
2974000,53.900000000000006
2975000,51.5
2976000,49.0
2977000,53.1
2978000,50.4
2979000,53.7
2980000,50.6
2981000,51.9
2982000,45.1
2983000,49.9
2984000,48.8
2985000,48.0
2986000,43.4
2987000,35.199999999999996
2988000,37.0
2989000,33.300000000000004
2990000,32.5
2991000,30.099999999999998
2992000,34.0
2993000,32.800000000000004
2994000,35.6
2995000,29.7
2996000,47.8
2997000,47.699999999999996
2998000,41.6
2999000,49.5
3000000,49.2
3001000,54.1
3002000,51.9
3003000,53.1
3004000,48.5
3005000,40.6
3006000,47.099999999999994
3007000,50.6
3008000,53.300000000000004
3009000,52.400000000000006
3010000,52.2
3011000,50.8
3012000,50.5
3013000,53.0
3014000,50.8
3015000,41.0
3016000,49.6
3017000,52.6
3018000,54.2
3019000,52.900000000000006
3020000,52.800000000000004
3021000,51.2
3022000,54.300000000000004
3023000,53.800000000000004
3024000,48.3
3025000,48.699999999999996
3026000,49.2
3027000,52.5
3028000,53.1
3029000,53.6
3030000,50.6
3031000,45.9
3032000,46.9
3033000,49.6
3034000,53.0
3035000,53.800000000000004
3036000,53.7
3037000,57.199999999999996
3038000,49.7
3039000,51.300000000000004
3040000,52.5
3041000,50.5
3042000,53.2
3043000,45.6
3044000,51.9
3045000,52.2
3046000,56.599999999999994
3047000,56.2
3048000,55.2
3049000,52.6
3050000,48.0
3051000,52.6
3052000,57.099999999999994
3053000,56.89999999999999
3054000,53.0
3055000,49.6
3056000,51.7
3057000,51.800000000000004
3058000,49.5
3059000,51.7
3060000,51.0
3061000,54.1
3062000,56.00000000000001
3063000,53.7
3064000,50.6
3065000,53.6
3066000,47.4
3067000,49.3
3068000,48.4
3069000,48.9
3070000,51.6
3071000,50.7
3072000,50.2
3073000,49.9
3074000,49.4
3075000,55.2
3076000,54.0
3077000,48.0
3078000,48.199999999999996
3079000,43.2
3080000,56.49999999999999
3081000,54.0
3082000,53.2
3083000,52.2
3084000,54.6
3085000,53.5
3086000,46.5
3087000,53.400000000000006
3088000,47.0
3089000,53.300000000000004
3090000,54.300000000000004
3091000,52.400000000000006
3092000,53.400000000000006
3093000,52.300000000000004
3094000,55.60000000000001
3095000,50.5
3096000,51.9
3097000,54.800000000000004
3098000,47.9
3099000,50.0
3100000,47.8
3101000,52.5
3102000,51.4
3103000,54.7
3104000,50.0
3105000,50.0
3106000,49.4
3107000,53.2
3108000,51.1
3109000,49.3
3110000,51.4
3111000,56.599999999999994
3112000,50.3
3113000,46.5
3114000,53.7
3115000,53.6
3116000,50.8
3117000,51.4
3118000,52.300000000000004
3119000,43.1
3120000,54.1
3121000,46.1
3122000,53.300000000000004
3123000,54.6
3124000,54.2
3125000,56.99999999999999
3126000,56.599999999999994
3127000,57.9
3128000,51.6
3129000,52.1
3130000,53.7
3131000,52.0
3132000,51.6
3133000,50.5
3134000,45.2
3135000,53.900000000000006
3136000,42.3
3137000,54.1
3138000,51.7
3139000,52.7
3140000,56.89999999999999
3141000,52.0
3142000,53.300000000000004
3143000,54.300000000000004
3144000,54.0
3145000,55.400000000000006
3146000,44.7
3147000,52.2
3148000,52.300000000000004
3149000,48.4
3150000,51.9
3151000,52.5
3152000,49.4
3153000,50.4
3154000,51.5
3155000,50.7
3156000,53.0
3157000,49.5
3158000,47.099999999999994
3159000,53.300000000000004
3160000,55.800000000000004
3161000,54.50000000000001
3162000,53.900000000000006
3163000,50.9
3164000,54.2
3165000,54.6
3166000,51.4
3167000,51.0
3168000,44.2
3169000,49.1
3170000,52.2
3171000,51.7
3172000,42.8
3173000,50.5
3174000,54.300000000000004
3175000,53.400000000000006
3176000,54.0
3177000,50.2
3178000,50.9
3179000,51.5
3180000,54.900000000000006
3181000,50.2
3182000,52.300000000000004
3183000,45.2
3184000,50.8
3185000,39.2
3186000,50.0
3187000,45.9
3188000,41.0
3189000,44.7
3190000,37.5
3191000,41.9
3192000,39.7
3193000,50.1
3194000,50.6
3195000,55.300000000000004
3196000,54.1
3197000,55.50000000000001
3198000,55.900000000000006
3199000,55.50000000000001
3200000,55.800000000000004
3201000,50.8
3202000,56.2
3203000,53.6
3204000,50.8
3205000,48.9
3206000,48.699999999999996
3207000,56.699999999999996
3208000,55.60000000000001
3209000,56.99999999999999
3210000,52.7
3211000,52.800000000000004
3212000,51.6
3213000,52.300000000000004
3214000,54.50000000000001
3215000,50.6
3216000,52.300000000000004
3217000,56.10000000000001
3218000,54.0
3219000,47.5
3220000,56.2
3221000,48.6
3222000,51.2
3223000,52.2
3224000,55.300000000000004
3225000,55.300000000000004
3226000,48.3
3227000,46.800000000000004
3228000,52.0
3229000,54.800000000000004
3230000,56.2
3231000,55.300000000000004
3232000,57.4
3233000,54.0
3234000,46.7
3235000,53.300000000000004
3236000,50.8
3237000,51.5
3238000,52.400000000000006
3239000,50.8
3240000,55.400000000000006
3241000,49.0
3242000,55.60000000000001
3243000,53.800000000000004
3244000,50.3
3245000,52.7
3246000,52.1
3247000,47.699999999999996
3248000,50.8
3249000,51.5
3250000,51.4
3251000,50.9
3252000,41.6
3253000,51.6
3254000,53.0
3255000,54.900000000000006
3256000,53.900000000000006
3257000,50.8
3258000,51.300000000000004
3259000,51.4
3260000,55.2
3261000,54.1
3262000,46.1
3263000,49.1
3264000,50.2
3265000,46.0
3266000,41.099999999999994
3267000,35.6
3268000,33.300000000000004
3269000,36.0
3270000,55.2
3271000,55.00000000000001
3272000,53.0
3273000,51.9
3274000,49.5
3275000,46.7
3276000,52.2
3277000,46.2
3278000,48.8
3279000,56.2
3280000,53.5
3281000,52.300000000000004
3282000,56.8
3283000,52.800000000000004
3284000,42.199999999999996
3285000,51.0
3286000,50.8
3287000,37.5
3288000,44.6
3289000,46.300000000000004
3290000,48.0
3291000,48.3
3292000,51.9
3293000,50.7
3294000,55.60000000000001
3295000,53.2
3296000,52.7
3297000,57.99999999999999
3298000,52.0
3299000,52.1
3300000,55.400000000000006
3301000,50.1
3302000,55.7
3303000,55.400000000000006
3304000,54.300000000000004
3305000,50.9
3306000,56.49999999999999
3307000,52.7
3308000,48.6
3309000,54.1
3310000,55.2
3311000,49.3
3312000,52.7
3313000,50.7
3314000,56.3
3315000,52.300000000000004
3316000,54.300000000000004
3317000,49.0
3318000,47.4
3319000,51.5
3320000,45.4
3321000,38.2
3322000,50.1
3323000,54.50000000000001
3324000,51.4
3325000,54.1
3326000,52.1
3327000,48.699999999999996
3328000,47.5
3329000,54.800000000000004
3330000,49.1
3331000,54.400000000000006
3332000,51.800000000000004
3333000,47.699999999999996
3334000,51.2
3335000,54.50000000000001
3336000,49.4
3337000,52.800000000000004
3338000,53.7
3339000,54.400000000000006
3340000,50.7
3341000,51.300000000000004
3342000,51.0
3343000,48.4
3344000,54.6
3345000,52.300000000000004
3346000,50.2
3347000,51.0
3348000,47.8
3349000,52.900000000000006
3350000,49.8
3351000,51.300000000000004
3352000,49.7
3353000,55.400000000000006
3354000,46.400000000000006
3355000,57.199999999999996
3356000,55.60000000000001
3357000,58.8
3358000,57.3
3359000,55.300000000000004
3360000,48.4
3361000,41.3
3362000,40.300000000000004
3363000,46.300000000000004
3364000,46.5
3365000,47.5
3366000,52.0
3367000,44.6
3368000,48.4
3369000,53.800000000000004
3370000,58.4
3371000,54.1
3372000,54.800000000000004
3373000,50.3
3374000,44.0
3375000,51.7
3376000,54.0
3377000,48.9
3378000,48.8
3379000,51.9
3380000,50.5
3381000,52.300000000000004
3382000,52.300000000000004
3383000,51.5
3384000,44.3
3385000,44.5
3386000,51.1
3387000,52.0
3388000,54.400000000000006
3389000,48.6
3390000,51.800000000000004
3391000,56.10000000000001
3392000,53.7
3393000,51.800000000000004
3394000,50.3
3395000,57.49999999999999
3396000,51.5
3397000,52.400000000000006
3398000,55.2
3399000,54.400000000000006
3400000,55.900000000000006
3401000,48.1
3402000,52.7
3403000,51.2
3404000,48.0
3405000,49.4
3406000,55.300000000000004
3407000,52.2
3408000,54.900000000000006
3409000,54.400000000000006
3410000,46.800000000000004
3411000,47.9
3412000,43.7
3413000,41.0
3414000,52.900000000000006
3415000,52.400000000000006
3416000,50.2
3417000,51.4
3418000,44.4
3419000,49.5
3420000,49.9
3421000,52.800000000000004
3422000,49.0
3423000,52.0
3424000,54.1
3425000,53.800000000000004
3426000,49.7
3427000,52.900000000000006
3428000,51.5
3429000,46.400000000000006
3430000,50.0
3431000,49.3
3432000,49.4
3433000,48.3
3434000,51.0
3435000,50.4
3436000,50.9
3437000,47.3
3438000,46.1
3439000,49.5
3440000,52.2
3441000,50.8
3442000,47.8
3443000,50.4
3444000,51.7
3445000,52.7
3446000,50.2
3447000,48.1
3448000,49.6
3449000,52.7
3450000,50.4
3451000,50.6
3452000,52.2
3453000,48.4
3454000,49.2
3455000,40.1
3456000,47.699999999999996
3457000,50.8
3458000,49.8
3459000,54.50000000000001
3460000,51.800000000000004
3461000,51.9
3462000,50.5
3463000,49.8
3464000,48.9
3465000,48.1
3466000,47.099999999999994
3467000,48.0
3468000,51.800000000000004
3469000,45.4
3470000,50.0
3471000,50.5
3472000,50.9
3473000,50.9
3474000,48.6
3475000,51.9
3476000,48.1
3477000,48.8
3478000,52.6
3479000,53.6
3480000,57.199999999999996
3481000,53.300000000000004
3482000,55.1
3483000,56.3
3484000,52.7
3485000,49.9
3486000,50.2
3487000,54.1
3488000,52.6
3489000,54.800000000000004
3490000,50.8
3491000,53.800000000000004
3492000,46.300000000000004
3493000,49.3
3494000,52.900000000000006
3495000,55.7
3496000,52.1
3497000,53.800000000000004
3498000,55.900000000000006
3499000,42.199999999999996
3500000,54.1
3501000,54.800000000000004
3502000,54.50000000000001
3503000,57.3
3504000,51.300000000000004
3505000,57.599999999999994
3506000,52.5
3507000,50.6
3508000,55.1
3509000,53.800000000000004
3510000,54.300000000000004
3511000,51.5
3512000,48.6
3513000,51.800000000000004
3514000,52.800000000000004
3515000,49.9
3516000,55.800000000000004
3517000,51.800000000000004
3518000,51.4
3519000,50.2
3520000,54.50000000000001
3521000,55.900000000000006
3522000,54.400000000000006
3523000,56.00000000000001
3524000,56.2
3525000,51.800000000000004
3526000,49.4
3527000,51.0
3528000,53.900000000000006
3529000,52.400000000000006
3530000,51.0
3531000,51.6
3532000,45.4
3533000,52.6
3534000,56.89999999999999
3535000,56.10000000000001
3536000,49.8
3537000,52.900000000000006
3538000,57.9
3539000,52.0
3540000,48.6
3541000,56.699999999999996
3542000,54.6
3543000,48.0
3544000,54.6
3545000,54.0
3546000,50.0
3547000,54.300000000000004
3548000,55.1
3549000,55.300000000000004
3550000,52.1
3551000,53.2
3552000,44.9
3553000,52.400000000000006
3554000,56.00000000000001
3555000,52.800000000000004
3556000,58.599999999999994
3557000,51.1
3558000,49.3
3559000,57.4
3560000,53.5
3561000,51.0
3562000,54.400000000000006
3563000,50.6
3564000,48.8
3565000,51.9
3566000,52.300000000000004
3567000,56.00000000000001
3568000,52.5
3569000,51.4
3570000,55.00000000000001
3571000,55.2
3572000,52.800000000000004
3573000,53.1
3574000,50.8
3575000,50.7
3576000,56.39999999999999
3577000,49.2
3578000,52.6
3579000,51.300000000000004
3580000,49.9
3581000,43.6
3582000,32.9
3583000,43.6
3584000,37.7
3585000,53.900000000000006
3586000,54.2
3587000,54.6
3588000,57.99999999999999
3589000,54.7
3590000,55.800000000000004
3591000,54.800000000000004
3592000,49.7
3593000,56.49999999999999
3594000,56.599999999999994
3595000,56.39999999999999
3596000,55.2
3597000,44.1
3598000,54.1
3599000,49.9
3600000,52.0
3601000,52.7
3602000,55.50000000000001
3603000,54.7
3604000,50.7
3605000,50.6
3606000,55.300000000000004
3607000,59.9
3608000,57.199999999999996
3609000,48.0
3610000,54.300000000000004
3611000,54.800000000000004
3612000,50.4
3613000,54.800000000000004
3614000,53.300000000000004
3615000,57.3
3616000,60.099999999999994
3617000,58.8
3618000,56.2
3619000,59.599999999999994
3620000,59.599999999999994
3621000,62.3
3622000,59.599999999999994
3623000,34.599999999999994
3624000,38.1
3625000,47.3
3626000,53.800000000000004
3627000,57.49999999999999
3628000,55.300000000000004
3629000,58.9
3630000,53.2
3631000,38.7
3632000,34.699999999999996
3633000,35.5
3634000,34.1
3635000,46.5
3636000,52.0
3637000,49.2
3638000,54.50000000000001
3639000,49.7
3640000,47.4
3641000,51.5
3642000,56.49999999999999
3643000,55.2
3644000,54.1
3645000,53.0
3646000,54.7
3647000,50.9
3648000,45.5
3649000,55.7
3650000,47.199999999999996
3651000,33.7
3652000,53.0
3653000,35.699999999999996
3654000,42.1
3655000,44.5
3656000,39.1
3657000,42.9
3658000,34.699999999999996
3659000,52.800000000000004
3660000,52.0
3661000,52.900000000000006
3662000,54.800000000000004
3663000,48.9
3664000,39.4
3665000,39.6
3666000,51.800000000000004
3667000,46.800000000000004
3668000,47.9
3669000,45.0
3670000,56.49999999999999
3671000,47.5
3672000,46.6
3673000,53.1
3674000,48.1
3675000,56.2
3676000,52.7
3677000,52.1
3678000,53.1
3679000,52.6
3680000,53.6
3681000,54.1
3682000,51.4
3683000,49.8
3684000,53.2
3685000,53.1
3686000,56.699999999999996
3687000,59.5
3688000,56.2
3689000,54.6
3690000,56.00000000000001
3691000,53.6
3692000,55.1
3693000,56.3
3694000,53.5
3695000,55.300000000000004
3696000,41.3
3697000,52.5
3698000,52.6
3699000,52.900000000000006
3700000,47.599999999999994
3701000,48.5
3702000,56.2
3703000,56.99999999999999
3704000,58.599999999999994
3705000,55.50000000000001
3706000,51.2
3707000,48.5
3708000,50.3
3709000,51.5
3710000,47.199999999999996
3711000,51.800000000000004
3712000,47.199999999999996
3713000,50.1
3714000,53.6
3715000,55.2
3716000,52.800000000000004
3717000,52.900000000000006
3718000,51.0
3719000,43.2
3720000,43.4
3721000,43.3
3722000,47.699999999999996
3723000,55.900000000000006
3724000,57.199999999999996
3725000,47.9
3726000,46.7
3727000,40.9
3728000,54.6
3729000,52.1
3730000,48.5
3731000,42.8
3732000,47.0
3733000,49.2
3734000,52.900000000000006
3735000,49.9
3736000,49.2
3737000,48.8
3738000,50.7
3739000,54.1
3740000,51.300000000000004
3741000,52.0
3742000,48.199999999999996
3743000,52.800000000000004
3744000,44.6
3745000,51.800000000000004
3746000,49.2
3747000,56.99999999999999
3748000,58.199999999999996
3749000,57.099999999999994
3750000,56.10000000000001
3751000,46.6
3752000,47.9
3753000,52.1
3754000,43.1
3755000,55.00000000000001
3756000,52.900000000000006
3757000,45.300000000000004
3758000,55.2
3759000,56.3
3760000,56.89999999999999
3761000,53.2
3762000,59.699999999999996
3763000,59.599999999999994
3764000,62.2
3765000,58.8
3766000,35.8
3767000,47.3
3768000,36.3
3769000,32.7
3770000,50.4
3771000,48.199999999999996
3772000,50.6
3773000,54.400000000000006
3774000,52.7
3775000,52.900000000000006
3776000,46.9
3777000,50.4
3778000,56.2
3779000,53.6
3780000,56.3
3781000,56.10000000000001
3782000,54.50000000000001
3783000,56.2
3784000,48.6
3785000,51.6
3786000,54.0
3787000,56.699999999999996
3788000,53.2
3789000,47.4
3790000,46.9
3791000,54.800000000000004
3792000,46.400000000000006
3793000,35.0
3794000,51.300000000000004
3795000,53.6
3796000,50.2
3797000,31.5
3798000,33.0
3799000,30.7
3800000,33.6
3801000,34.1
3802000,36.1
3803000,39.5
3804000,29.2
3805000,39.900000000000006
3806000,45.5
3807000,44.800000000000004
3808000,44.800000000000004
3809000,53.800000000000004
3810000,53.6
3811000,48.9
3812000,50.7
3813000,52.900000000000006
3814000,53.400000000000006
3815000,53.0
3816000,54.1
3817000,48.199999999999996
3818000,46.5
3819000,52.7
3820000,53.400000000000006
3821000,48.699999999999996
3822000,52.1
3823000,55.1
3824000,53.5
3825000,56.8
3826000,58.8
3827000,52.5
3828000,49.4
3829000,54.6
3830000,54.7
3831000,54.2
3832000,54.7
3833000,51.6
3834000,49.6
3835000,48.699999999999996
3836000,40.9
3837000,46.1
3838000,47.9
3839000,47.699999999999996
3840000,45.9
3841000,52.800000000000004
3842000,50.8
3843000,42.6
3844000,54.800000000000004
3845000,55.2
3846000,53.300000000000004
3847000,52.800000000000004
3848000,55.400000000000006
3849000,58.5
3850000,54.400000000000006
3851000,55.300000000000004
3852000,57.4
3853000,45.7
3854000,57.99999999999999
3855000,53.5
3856000,49.6
3857000,51.6
3858000,53.6
3859000,54.0
3860000,43.3
3861000,52.5
3862000,52.1
3863000,49.7
3864000,53.6
3865000,53.2
3866000,47.9
3867000,48.199999999999996
3868000,55.300000000000004
3869000,51.9
3870000,53.1
3871000,51.0
3872000,53.2
3873000,58.4
3874000,54.50000000000001
3875000,44.2
3876000,50.9
3877000,51.9
3878000,55.50000000000001
3879000,53.800000000000004
3880000,54.400000000000006
3881000,54.50000000000001
3882000,54.2
3883000,53.2
3884000,50.4
3885000,54.50000000000001
3886000,53.6
3887000,56.2
3888000,42.9
3889000,53.1
3890000,42.6
3891000,51.5
3892000,53.5
3893000,49.0
3894000,52.800000000000004
3895000,53.1
3896000,48.9
3897000,46.9
3898000,46.7
3899000,48.0
3900000,47.5
3901000,47.0
3902000,43.4
3903000,50.9
3904000,53.7
3905000,44.6
3906000,41.9
3907000,53.7
3908000,54.1
3909000,55.400000000000006
3910000,51.2
3911000,48.0
3912000,52.300000000000004
3913000,54.0
3914000,52.300000000000004
3915000,49.9
3916000,54.800000000000004
3917000,53.7
3918000,53.800000000000004
3919000,53.2
3920000,52.2
3921000,50.5
3922000,43.0
3923000,48.5
3924000,53.6
3925000,51.800000000000004
3926000,49.2
3927000,52.2
3928000,54.2
3929000,50.8
3930000,49.9
3931000,48.1
3932000,52.800000000000004
3933000,49.3
3934000,50.9
3935000,52.800000000000004
3936000,52.800000000000004
3937000,50.1
3938000,51.6
3939000,47.4
3940000,51.300000000000004
3941000,46.5
3942000,55.50000000000001
3943000,50.0
3944000,53.2
3945000,53.0
3946000,54.800000000000004
3947000,47.699999999999996
3948000,48.699999999999996
3949000,50.9
3950000,47.4
3951000,54.1
3952000,53.0
3953000,55.00000000000001
3954000,55.2
3955000,60.4
3956000,56.3
3957000,55.300000000000004
3958000,55.7
3959000,51.800000000000004
3960000,47.099999999999994
3961000,51.300000000000004
3962000,54.900000000000006
3963000,53.900000000000006
3964000,49.3
3965000,51.6
3966000,48.199999999999996
3967000,46.9
3968000,50.8
3969000,51.9
3970000,53.0
3971000,53.0
3972000,53.800000000000004
3973000,55.00000000000001
3974000,55.50000000000001
3975000,54.800000000000004
3976000,54.400000000000006
3977000,52.300000000000004
3978000,52.6
3979000,52.2
3980000,51.6
3981000,54.400000000000006
3982000,51.1
3983000,52.2
3984000,53.6
3985000,53.800000000000004
3986000,44.5
3987000,55.2
3988000,52.300000000000004
3989000,54.50000000000001
3990000,52.800000000000004
3991000,50.7
3992000,53.400000000000006
3993000,51.800000000000004
3994000,49.4
3995000,56.3
3996000,54.1
3997000,55.2
3998000,56.699999999999996
3999000,59.0
4000000,49.6
4001000,50.2
4002000,41.8
4003000,46.1
4004000,48.9
4005000,50.7
4006000,56.2
4007000,53.1
4008000,52.300000000000004
4009000,52.900000000000006
4010000,51.4
4011000,54.300000000000004
4012000,53.800000000000004
4013000,53.7
4014000,56.99999999999999
4015000,54.900000000000006
4016000,50.5
4017000,52.7
4018000,51.2
4019000,54.6
4020000,52.6
4021000,48.0
4022000,52.400000000000006
4023000,53.1
4024000,50.1
4025000,55.400000000000006
4026000,51.1
4027000,54.900000000000006
4028000,59.199999999999996
4029000,55.60000000000001
4030000,53.800000000000004
4031000,51.5
4032000,55.1
4033000,53.2
4034000,52.7
4035000,49.6
4036000,55.00000000000001
4037000,48.699999999999996
4038000,53.800000000000004
4039000,52.300000000000004
4040000,53.7
4041000,50.1
4042000,47.699999999999996
4043000,48.699999999999996
4044000,38.9
4045000,43.5
4046000,41.5
4047000,52.900000000000006
4048000,50.2
4049000,49.9
4050000,47.599999999999994
4051000,50.7
4052000,54.300000000000004
4053000,51.300000000000004
4054000,56.49999999999999
4055000,56.10000000000001
4056000,52.900000000000006
4057000,52.5
4058000,49.8
4059000,53.5
4060000,48.3
4061000,45.2
4062000,41.5
4063000,45.300000000000004
4064000,42.6
4065000,47.599999999999994
4066000,53.800000000000004
4067000,56.2
4068000,52.7
4069000,41.699999999999996
4070000,53.900000000000006
4071000,52.800000000000004
4072000,54.2
4073000,50.9
4074000,54.1
4075000,51.6
4076000,50.2
4077000,55.1
4078000,43.7
4079000,38.800000000000004
4080000,54.0
4081000,53.5
4082000,53.800000000000004
4083000,57.9
4084000,52.7
4085000,55.00000000000001
4086000,48.4
4087000,45.7
4088000,47.8
4089000,51.9
4090000,52.7
4091000,57.599999999999994
4092000,48.6
4093000,51.9
4094000,56.699999999999996
4095000,55.900000000000006
4096000,55.00000000000001
4097000,49.7
4098000,51.7
4099000,52.0
4100000,49.0
4101000,49.3
4102000,51.800000000000004
4103000,54.0
4104000,54.6
4105000,50.8
4106000,50.3
4107000,50.4
4108000,49.0
4109000,50.0
4110000,50.0
4111000,50.4
4112000,45.800000000000004
4113000,47.4
4114000,53.900000000000006
4115000,56.39999999999999
4116000,53.7
4117000,51.0
4118000,46.7
4119000,51.0
4120000,51.9
4121000,53.400000000000006
4122000,56.2
4123000,53.0
4124000,51.800000000000004
4125000,59.5
4126000,54.2
4127000,51.4
4128000,50.5
4129000,54.50000000000001
4130000,57.9
4131000,58.5
4132000,51.4
4133000,45.5
4134000,55.7
4135000,56.2
4136000,54.300000000000004
4137000,51.0
4138000,55.2
4139000,53.0
4140000,55.00000000000001
4141000,56.3
4142000,51.5
4143000,53.6
4144000,52.400000000000006
4145000,53.6
4146000,54.300000000000004
4147000,54.400000000000006
4148000,51.300000000000004
4149000,50.5
4150000,51.5
4151000,57.3
4152000,54.300000000000004
4153000,50.8
4154000,49.8
4155000,53.800000000000004
4156000,54.50000000000001
4157000,56.89999999999999
4158000,51.6
4159000,55.400000000000006
4160000,49.0
4161000,50.6
4162000,50.6
4163000,51.6
4164000,50.1
4165000,49.8
4166000,50.0
4167000,54.800000000000004
4168000,49.3
4169000,53.7
4170000,52.6
4171000,54.1
4172000,46.5
4173000,49.1
4174000,44.9
4175000,47.0
4176000,53.6
4177000,52.0
4178000,50.1
4179000,50.8
4180000,48.699999999999996
4181000,49.1
4182000,52.900000000000006
4183000,53.800000000000004
4184000,53.300000000000004
4185000,52.2
4186000,54.6
4187000,52.6
4188000,54.300000000000004
4189000,49.1
4190000,47.099999999999994
4191000,55.300000000000004
4192000,57.699999999999996
4193000,58.8
4194000,54.6
4195000,56.8
4196000,48.6
4197000,55.300000000000004
4198000,55.60000000000001
4199000,53.5
4200000,50.1
4201000,51.6
4202000,55.2
4203000,55.1
4204000,58.3
4205000,57.199999999999996
4206000,56.49999999999999
4207000,51.1
4208000,52.1
4209000,51.4
4210000,52.1
4211000,53.6
4212000,53.7
4213000,50.3
4214000,48.4
4215000,46.6
4216000,53.0
4217000,55.800000000000004
4218000,53.400000000000006
4219000,52.6
4220000,44.4
4221000,37.3
4222000,37.9
4223000,50.9
4224000,58.099999999999994
4225000,54.6
4226000,55.2
4227000,53.6
4228000,56.00000000000001
4229000,52.5
4230000,49.5
4231000,47.599999999999994
4232000,55.50000000000001
4233000,50.6
4234000,51.9
4235000,44.800000000000004
4236000,54.6
4237000,57.4
4238000,53.800000000000004
4239000,54.300000000000004
4240000,49.2
4241000,50.4
4242000,47.099999999999994
4243000,53.6
4244000,53.0
4245000,52.300000000000004
4246000,49.7
4247000,54.2
4248000,50.8
4249000,54.300000000000004
4250000,43.1
4251000,31.5
4252000,47.9
4253000,50.7
4254000,56.2
4255000,55.50000000000001
4256000,50.9
4257000,50.5
4258000,56.599999999999994
4259000,49.2
4260000,33.4
4261000,41.699999999999996
4262000,52.7
4263000,50.7
4264000,52.6
4265000,53.300000000000004
4266000,53.400000000000006
4267000,53.300000000000004
4268000,37.6
4269000,41.9
4270000,50.9
4271000,56.8
4272000,55.400000000000006
4273000,54.300000000000004
4274000,52.5
4275000,43.8
4276000,44.4
4277000,50.2
4278000,50.9
4279000,53.2
4280000,56.99999999999999
4281000,49.2
4282000,31.2
4283000,50.8
4284000,55.00000000000001
4285000,55.300000000000004
4286000,58.4
4287000,45.9
4288000,53.0
4289000,55.1
4290000,56.39999999999999
4291000,57.49999999999999
4292000,58.099999999999994
4293000,53.6
4294000,46.800000000000004
4295000,53.5
4296000,51.300000000000004
4297000,52.0
4298000,54.6
4299000,54.0
4300000,55.60000000000001
4301000,55.7
4302000,52.900000000000006
4303000,56.49999999999999
4304000,46.300000000000004
4305000,56.00000000000001
4306000,46.1
4307000,54.6
4308000,50.3
4309000,52.300000000000004
4310000,45.9
4311000,47.9
4312000,47.199999999999996
4313000,43.3
4314000,58.099999999999994
4315000,61.0
4316000,61.9
4317000,60.0
4318000,60.699999999999996
4319000,59.8
4320000,63.9
4321000,61.199999999999996
4322000,61.5
4323000,57.099999999999994
4324000,58.9
4325000,52.800000000000004
4326000,49.1
4327000,46.300000000000004
4328000,54.0
4329000,54.2
4330000,48.699999999999996
4331000,52.400000000000006
4332000,52.6
4333000,53.1
4334000,51.300000000000004
4335000,47.4
4336000,54.900000000000006
4337000,41.199999999999996
4338000,47.8
4339000,53.2
4340000,48.199999999999996
4341000,49.6
4342000,52.400000000000006
4343000,49.9
4344000,45.7
4345000,55.00000000000001
4346000,55.2
4347000,53.7
4348000,47.9
4349000,44.9
4350000,49.5
4351000,48.6
4352000,39.2
4353000,46.400000000000006
4354000,44.0
4355000,51.800000000000004
4356000,49.1
4357000,50.1
4358000,45.4
4359000,49.0
4360000,37.9
4361000,42.3
4362000,46.2
4363000,52.1
4364000,55.7
4365000,52.400000000000006
4366000,49.3
4367000,51.1
4368000,43.1
4369000,50.6
4370000,52.2
4371000,51.2
4372000,53.6
4373000,48.199999999999996
4374000,43.3
4375000,50.6
4376000,48.9
4377000,52.6
4378000,50.3
4379000,52.6
4380000,55.7
4381000,56.00000000000001
4382000,50.6
4383000,46.5
4384000,47.9
4385000,50.0
4386000,53.900000000000006
4387000,56.699999999999996
4388000,56.49999999999999
4389000,54.800000000000004
4390000,52.2
4391000,53.400000000000006
4392000,46.800000000000004
4393000,53.0
4394000,57.699999999999996
4395000,54.400000000000006
4396000,55.7
4397000,55.50000000000001
4398000,57.8
4399000,53.0
4400000,48.9
4401000,55.2
4402000,55.7
4403000,53.6
4404000,49.6
4405000,54.7
4406000,49.2
4407000,56.3
4408000,55.00000000000001
4409000,53.6
4410000,41.199999999999996
4411000,48.6
4412000,46.7
4413000,53.800000000000004
4414000,53.2
4415000,53.2
4416000,47.4
4417000,53.2
4418000,50.2
4419000,45.9
4420000,52.7
4421000,53.300000000000004
4422000,55.60000000000001
4423000,57.699999999999996
4424000,49.2
4425000,51.800000000000004
4426000,48.199999999999996
4427000,37.3
4428000,52.300000000000004
4429000,51.5
4430000,52.900000000000006
4431000,52.400000000000006
4432000,54.0
4433000,53.5
4434000,51.4
4435000,50.3
4436000,47.4
4437000,43.6
4438000,41.5
4439000,46.1
4440000,51.6
4441000,49.6
4442000,49.9
4443000,53.7
4444000,54.800000000000004
4445000,55.50000000000001
4446000,56.599999999999994
4447000,52.2
4448000,51.5
4449000,46.5
4450000,51.1
4451000,54.900000000000006
4452000,57.699999999999996
4453000,55.1
4454000,51.9
4455000,50.4
4456000,55.300000000000004
4457000,51.800000000000004
4458000,55.800000000000004
4459000,49.7
4460000,52.2
4461000,54.0
4462000,48.8
4463000,52.800000000000004
4464000,53.800000000000004
4465000,55.2
4466000,51.800000000000004
4467000,49.4
4468000,53.7
4469000,52.1
4470000,50.5
4471000,51.300000000000004
4472000,47.8
4473000,52.6
4474000,46.7
4475000,41.4
4476000,30.5
4477000,46.400000000000006
4478000,47.099999999999994
4479000,42.3
4480000,39.1
4481000,56.89999999999999
4482000,53.2
4483000,52.2
4484000,57.4
4485000,53.6
4486000,51.5
4487000,54.400000000000006
4488000,52.6
4489000,53.6
4490000,47.099999999999994
4491000,48.8
4492000,52.5
4493000,48.4
4494000,40.2
4495000,55.00000000000001
4496000,47.9
4497000,44.800000000000004
4498000,50.1
4499000,49.6
4500000,49.7
4501000,53.6
4502000,51.2
4503000,45.5
4504000,36.7
4505000,36.6
4506000,43.1
4507000,43.6
4508000,46.7
4509000,54.7
4510000,48.5
4511000,57.099999999999994
4512000,60.4
4513000,58.9
4514000,56.2
4515000,59.0
4516000,57.49999999999999
4517000,58.8
4518000,49.7
4519000,49.1
4520000,48.1
4521000,48.8
4522000,48.9
4523000,58.5
4524000,53.1
4525000,40.0
4526000,49.3
4527000,55.2
4528000,53.0
4529000,51.4
4530000,51.7
4531000,49.9
4532000,53.900000000000006
4533000,53.6
4534000,43.4
4535000,44.1
4536000,43.3
4537000,48.3
4538000,43.5
4539000,38.800000000000004
4540000,37.1
4541000,36.6
4542000,40.0
4543000,49.2
4544000,46.2
4545000,47.4
4546000,47.199999999999996
4547000,51.2
4548000,51.5
4549000,50.4
4550000,52.900000000000006
4551000,51.5
4552000,53.900000000000006
4553000,56.10000000000001
4554000,56.3
4555000,43.6
4556000,34.599999999999994
4557000,50.4
4558000,55.1
4559000,55.1
4560000,49.3
4561000,52.900000000000006
4562000,50.0
4563000,45.2
4564000,55.7
4565000,52.2
4566000,51.7
4567000,54.800000000000004
4568000,48.0
4569000,48.199999999999996
4570000,52.2
4571000,51.4
4572000,38.3
4573000,45.300000000000004
4574000,50.0
4575000,48.3
4576000,50.5
4577000,37.4
4578000,41.099999999999994
4579000,45.1
4580000,41.9
4581000,46.9
4582000,55.00000000000001
4583000,54.6
4584000,54.400000000000006
4585000,54.300000000000004
4586000,48.8
4587000,52.0
4588000,54.6
4589000,54.50000000000001
4590000,57.49999999999999
4591000,46.400000000000006
4592000,56.00000000000001
4593000,54.2
4594000,47.0
4595000,46.6
4596000,51.300000000000004
4597000,51.300000000000004
4598000,50.2
4599000,51.4
4600000,51.2
4601000,53.2
4602000,50.7
4603000,39.300000000000004
4604000,47.0
4605000,48.9
4606000,52.300000000000004
4607000,56.00000000000001
4608000,52.900000000000006
4609000,53.800000000000004
4610000,54.400000000000006
4611000,48.1
4612000,50.5
4613000,54.800000000000004
4614000,58.099999999999994
4615000,55.60000000000001
4616000,52.7
4617000,50.2
4618000,55.60000000000001
4619000,54.300000000000004
4620000,53.300000000000004
4621000,51.300000000000004
4622000,53.1
4623000,57.8
4624000,53.0
4625000,57.8
4626000,57.4
4627000,53.1
4628000,50.2
4629000,55.7
4630000,52.300000000000004
4631000,56.00000000000001
4632000,52.400000000000006
4633000,55.1
4634000,54.7
4635000,46.400000000000006
4636000,55.1
4637000,52.800000000000004
4638000,51.0
4639000,50.0
4640000,42.4
4641000,48.77300613496933
